{"cameraMode":{"drawMode":0,"name":"Shaded","section":"Shading Mode"},"sceneLighting":false,"audioPlay":false,"sceneViewState":{"m_AlwaysRefresh":false,"showFog":true,"showSkybox":false,"showFlares":true,"showImageEffects":true,"showParticleSystems":true,"showVisualEffectGraphs":true,"m_FxEnabled":true},"in2DMode":false,"pivot":{"x":-0.8015018105506897,"y":-1.318671703338623,"z":-0.08346229791641236},"rotation":{"x":-0.6743707060813904,"y":0.0032062821555882694,"z":-0.002311058808118105,"w":-0.7388380169868469},"size":6.870594501495361,"orthographic":false}